zip_code,latitude,longitude,city,state,county,community,estimated median income
90001.0,33.973951,-118.248405,Los Angeles,CA,Los Angeles,"Los Angeles (South Los Angeles), Florence-Graham","$38,521 "
90002.0,33.950514,-118.245855,Los Angeles,CA,Los Angeles,"Los Angeles (Southeast Los Angeles, Watts)","$35,410 "
90003.0,33.949164,-118.273156,Los Angeles,CA,Los Angeles,"Los Angeles (South Los Angeles, Southeast Los Angeles)","$37,226 "
90004.0,33.786594,-118.29866200000001,Los Angeles,CA,Los Angeles,"Los Angeles (Hancock Park, Rampart Village, Virgil Village, Wilshire Center, Windsor Square)","$48,754 "
90005.0,33.786594,-118.29866200000001,Los Angeles,CA,Los Angeles,"Los Angeles (Hancock Park, Koreatown, Wilshire Center, Wilshire Park, Windsor Square)","$35,149 "
90006.0,33.786594,-118.29866200000001,Los Angeles,CA,Los Angeles,"Los Angeles (Byzantine-Latino Quarter, Harvard Heights, Koreatown, Pico Heights)","$35,411 "
90007.0,33.786594,-118.29866200000001,Los Angeles,CA,Los Angeles,"Los Angeles (Southeast Los Angeles, Univerity Park)","$25,226 "
90008.0,33.786594,-118.29866200000001,Los Angeles,CA,Los Angeles,"Los Angeles (Baldwin Hills, Crenshaw, Leimert Park)","$39,907 "
90010.0,33.786594,-118.29866200000001,Los Angeles,CA,Los Angeles,"Los Angeles (Hancock Park, Wilshire Center, Windsor Square)","$61,849 "
90011.0,33.989264,-118.250056,Los Angeles,CA,Los Angeles,Los Angeles (Southeast Los Angeles),"$36,954 "
90012.0,33.786594,-118.29866200000001,Los Angeles,CA,Los Angeles,"Los Angeles (Downtown Civic Center, Chinatown, Arts District, Bunker Hill, Historic Core, Little Tokyo)","$42,275 "
90013.0,33.786594,-118.29866200000001,Los Angeles,CA,Los Angeles,"Los Angeles (Downtown Central, Downtown Fashion District)","$21,676 "
90014.0,33.786594,-118.29866200000001,Los Angeles,CA,Los Angeles,"Los Angeles (Downtown Historic Core, Arts District)","$35,857 "
90015.0,33.786594,-118.29866200000001,Los Angeles,CA,Los Angeles,"Los Angeles (Dowtown Fashion District, South Park-South)","$39,016 "
90016.0,33.786594,-118.29866200000001,Los Angeles,CA,Los Angeles,Los Angeles (West Adams),"$46,680 "
90017.0,33.786594,-118.29866200000001,Los Angeles,CA,Los Angeles,"Los Angeles (Downtown Bunker Hill, City West, South Park-North)","$31,423 "
90018.0,33.786594,-118.29866200000001,Los Angeles,CA,Los Angeles,"Los Angeles (Jefferson Park, Leimert Park)","$41,768 "
90019.0,33.786594,-118.29866200000001,Los Angeles,CA,Los Angeles,"Los Angeles (Arlington Heights, Country Club Park, Mid-City)","$52,625 "
90020.0,33.786594,-118.29866200000001,Los Angeles,CA,Los Angeles,"Los Angeles (Hancock Park, Western Wilton, Wilshire Center, Windsor Square)","$46,504 "
90021.0,33.786594,-118.29866200000001,Los Angeles,CA,Los Angeles,"Los Angeles (Downtown Fashion District, Downtown Southeast)","$15,149 "
90022.0,33.896564,-118.176502,Los Angeles,CA,Los Angeles,East Los Angeles,"$43,366 "
90023.0,34.008262,-118.196055,Los Angeles,CA,Los Angeles,"Commerce, East Los Angeles","$41,308 "
90024.0,33.786594,-118.29866200000001,Los Angeles,CA,Los Angeles,Los Angeles (Westwood),"$63,306 "
90025.0,33.786594,-118.29866200000001,Los Angeles,CA,Los Angeles,"Los Angeles (Sawtelle, West Los Angeles)","$83,655 "
90026.0,33.786594,-118.29866200000001,Los Angeles,CA,Los Angeles,"Los Angeles (Echo Park, Silver Lake)","$60,820 "
90027.0,33.786594,-118.29866200000001,Los Angeles,CA,Los Angeles,"Los Angeles (Griffith Park, Hollywood, Los Feliz)","$64,091 "
90028.0,34.014613,-118.225606,Los Angeles,CA,Los Angeles,Los Angeles (Hollywood),"$43,998 "
90029.0,33.786594,-118.29866200000001,Los Angeles,CA,Los Angeles,Los Angeles (East Hollywood),"$39,562 "
90031.0,33.786594,-118.29866200000001,Los Angeles,CA,Los Angeles,"Los Angeles (Lincoln Heights, Montecito Heights)","$44,343 "
90032.0,33.786594,-118.29866200000001,Los Angeles,CA,Los Angeles,"Los Angeles (El Sereno, Monterey Hills)","$50,989 "
90033.0,33.786594,-118.29866200000001,Los Angeles,CA,Los Angeles,Los Angeles (Boyle Heights),"$35,548 "
90034.0,33.786594,-118.29866200000001,Los Angeles,CA,Los Angeles,Los Angeles (Palms),"$71,295 "
90035.0,33.786594,-118.29866200000001,Los Angeles,CA,Los Angeles,Los Angeles (West Fairfax),"$79,534 "
90036.0,33.786594,-118.29866200000001,Los Angeles,CA,Los Angeles,"Los Angeles (Fairfax, Melrose, Miracle Mile, Park La Brea, Wilshire-La Brea)","$80,998 "
90037.0,33.786594,-118.29866200000001,Los Angeles,CA,Los Angeles,Los Angeles (South Los Angeles),"$33,856 "
90038.0,33.786594,-118.29866200000001,Los Angeles,CA,Los Angeles,Los Angeles (Hollywood),"$39,984 "
90039.0,33.786594,-118.29866200000001,Los Angeles,CA,Los Angeles,"Los Angeles (Atwater Village, Elysian Valley, Silver Lake)","$86,031 "
90040.0,33.990863,-118.153153,Los Angeles,CA,Los Angeles,"Commerce, City of","$46,532 "
90041.0,33.786594,-118.29866200000001,Los Angeles,CA,Los Angeles,Los Angeles (Eagle Rock),"$80,547 "
90042.0,33.786594,-118.29866200000001,Los Angeles,CA,Los Angeles,Los Angeles (Highland Park),"$59,746 "
90043.0,33.786594,-118.29866200000001,Los Angeles,CA,Los Angeles,"Los Angeles (Hyde Park, View Park, Windsor Hills)","$47,500 "
90044.0,33.938108,-118.285706,Los Angeles,CA,Los Angeles,"Athens, Los Angeles (South Los Angeles)","$34,311 "
90045.0,33.786594,-118.29866200000001,Los Angeles,CA,Los Angeles,"Los Angeles (Los Angeles International Airport, Westchester)","$96,812 "
90046.0,33.786594,-118.29866200000001,Los Angeles,CA,Los Angeles,"Los Angeles (Hollywood), West Hollywood","$67,667 "
90047.0,33.786594,-118.29866200000001,Los Angeles,CA,Los Angeles,Los Angeles (South Los Angeles),"$47,477 "
90048.0,33.786594,-118.29866200000001,Los Angeles,CA,Los Angeles,"Los Angeles (Mid-City West), West Hollywood","$95,197 "
90049.0,33.786594,-118.29866200000001,Los Angeles,CA,Los Angeles,"Los Angeles (Bel Air Estates, Brentwood)","$127,658 "
90056.0,33.786594,-118.29866200000001,Los Angeles,CA,Los Angeles,Ladera Heights,"$86,100 "
90057.0,33.786594,-118.29866200000001,Los Angeles,CA,Los Angeles,Los Angeles (Westlake),"$33,861 "
90058.0,33.999433,-118.213255,Los Angeles,CA,Los Angeles,"Los Angeles (Southeast Los Angeles), Vernon","$20,982 "
90059.0,33.921065000000006,-118.244955,Los Angeles,CA,Los Angeles,"Los Angeles (Southeast Los Angeles, Watts), Willowbrook","$41,995 "
90061.0,33.920965,-118.275356,Los Angeles,CA,Los Angeles,Los Angeles (South Los Angeles),"$39,739 "
90062.0,33.786594,-118.29866200000001,Los Angeles,CA,Los Angeles,Los Angeles (South Los Angeles),"$44,835 "
90063.0,33.786594,-118.29866200000001,Los Angeles,CA,Los Angeles,"City Terrace, Los Angeles (Boyle Heights)","$46,613 "
90064.0,33.786594,-118.29866200000001,Los Angeles,CA,Los Angeles,"Los Angeles (Cheviot Hills, Rancho Park)","$95,865 "
90065.0,33.786594,-118.29866200000001,Los Angeles,CA,Los Angeles,"Los Angeles (Cypress Park, Glassell Park, Mt Washington)","$63,147 "
90066.0,33.786594,-118.29866200000001,Los Angeles,CA,Los Angeles,"Culver City, Los Angeles (Mar Vista)","$79,088 "
90067.0,33.786594,-118.29866200000001,Los Angeles,CA,Los Angeles,Los Angeles (Century City),"$129,306 "
90068.0,33.786594,-118.29866200000001,Los Angeles,CA,Los Angeles,Los Angeles (Hollywood),"$83,756 "
90069.0,33.786594,-118.29866200000001,West Hollywood,CA,Los Angeles,"Los Angeles (Hollywood, Melrose), West Hollywood","$92,952 "
90077.0,33.786594,-118.29866200000001,Los Angeles,CA,Los Angeles,"Los Angeles (Bel Air Estates, Beverly Glen)","$210,833 "
90094.0,33.786594,-118.29866200000001,Los Angeles,CA,Los Angeles,Los Angeles (Playa Vista),"$146,325 "
90201.0,33.976663,-118.168903,Bell,CA,Los Angeles,"Bell, Bell Gardens, Cudahy","$42,255 "
90210.0,33.786594,-118.29866200000001,Beverly Hills,CA,Los Angeles,Beverly Hills,"$143,542 "
90211.0,33.786594,-118.29866200000001,Beverly Hills,CA,Los Angeles,Beverly Hills,"$82,212 "
90212.0,33.786594,-118.29866200000001,Beverly Hills,CA,Los Angeles,Beverly Hills,"$93,846 "
90220.0,33.874815000000005,-118.24020800000001,Compton,CA,Los Angeles,"Compton, Rancho Dominguez","$53,988 "
90221.0,33.879565,-118.21681000000001,Compton,CA,Los Angeles,"Compton, East Rancho Dominguez","$48,762 "
90222.0,33.909915000000005,-118.235654,Compton,CA,Los Angeles,"Compton, Rosewood, Willowbrook","$45,689 "
90230.0,33.786594,-118.29866200000001,Culver City,CA,Los Angeles,Culver City,"$80,677 "
90232.0,33.786594,-118.29866200000001,Culver City,CA,Los Angeles,Culver City,"$82,164 "
90240.0,33.946363,-118.11946100000002,Downey,CA,Los Angeles,Downey,"$82,722 "
90241.0,33.939164,-118.125851,Downey,CA,Los Angeles,Downey,"$69,308 "
90242.0,33.922714,-118.139969,Downey,CA,Los Angeles,Downey,"$66,019 "
90245.0,33.786594,-118.29866200000001,El Segundo,CA,Los Angeles,El Segundo,"$98,813 "
90247.0,33.888315000000006,-118.29525600000001,Gardena,CA,Los Angeles,Gardena,"$51,386 "
90248.0,33.877165000000005,-118.269605,Gardena,CA,Los Angeles,Gardena,"$62,179 "
90249.0,33.858866,-118.29910600000001,Gardena,CA,Los Angeles,Gardena,"$59,778 "
90250.0,33.786594,-118.29866200000001,Hawthorne,CA,Los Angeles,Hawthorne (Holly Park),"$53,303 "
90254.0,33.786594,-118.29866200000001,Hermosa Beach,CA,Los Angeles,Hermosa Beach,"$137,188 "
90255.0,33.977987,-118.21313700000002,Huntington Park,CA,Los Angeles,"Huntington Park, Walnut Park","$42,581 "
90260.0,33.786594,-118.29866200000001,Lawndale,CA,Los Angeles,Lawndale,"$62,047 "
90262.0,33.924538,-118.202954,Lynwood,CA,Los Angeles,Lynwood,"$49,801 "
90265.0,33.786594,-118.29866200000001,Malibu,CA,Los Angeles,Malibu,"$149,202 "
90266.0,33.786594,-118.29866200000001,Manhattan Beach,CA,Los Angeles,Manhattan Beach,"$150,083 "
90270.0,33.988463,-118.187376,Maywood,CA,Los Angeles,"Bell, Maywood","$39,760 "
90272.0,33.786594,-118.29866200000001,Pacific Palisades,CA,Los Angeles,"Los Angeles (Castellemare, Pacific Highlands, Pacific Palisades, Topanga State Park)","$194,151 "
90274.0,33.786594,-118.29866200000001,Palos Verdes Peninsula,CA,Los Angeles,"Palos Verdes Estates, Rolling Hills, Rolling Hills Estates","$162,163 "
90275.0,33.786594,-118.29866200000001,Rancho Palos Verdes,CA,Los Angeles,"Palos Verdes Estates, Rancho Palos Verdes, Rolling Hills Estates","$133,156 "
90277.0,33.786594,-118.29866200000001,Redondo Beach,CA,Los Angeles,"Redondo Beach, Torrance","$102,281 "
90278.0,33.987613,-118.179754,Redondo Beach,CA,Los Angeles,"Redondo Beach, Torrance","$118,000 "
90280.0,33.937714,-118.193403,South Gate,CA,Los Angeles,South Gate,"$50,246 "
90290.0,33.786594,-118.29866200000001,Topanga,CA,Los Angeles,Topanga,"$118,667 "
90291.0,33.786594,-118.29866200000001,Venice,CA,Los Angeles,Los Angeles (Venice),"$91,779 "
90292.0,33.786594,-118.29866200000001,Marina Del Rey,CA,Los Angeles,"Los Angeles (Marina Peninsula), Marina del Rey","$109,268 "
90293.0,33.786594,-118.29866200000001,Playa Del Rey,CA,Los Angeles,Los Angeles (Playa del Rey),"$103,874 "
90301.0,33.786594,-118.29866200000001,Inglewood,CA,Los Angeles,Inglewood,"$44,135 "
90302.0,33.786594,-118.29866200000001,Inglewood,CA,Los Angeles,Inglewood,"$47,863 "
90303.0,33.786594,-118.29866200000001,Inglewood,CA,Los Angeles,Inglewood,"$50,438 "
90304.0,33.786594,-118.29866200000001,Inglewood,CA,Los Angeles,"Inglewood, Lennox","$44,574 "
90305.0,33.786594,-118.29866200000001,Inglewood,CA,Los Angeles,Inglewood,"$74,009 "
90401.0,33.786594,-118.29866200000001,Santa Monica,CA,Los Angeles,Santa Monica (Downtown),"$72,872 "
90402.0,33.786594,-118.29866200000001,Santa Monica,CA,Los Angeles,Santa Monica,"$147,111 "
90403.0,33.786594,-118.29866200000001,Santa Monica,CA,Los Angeles,Santa Monica,"$107,335 "
90404.0,33.786594,-118.29866200000001,Santa Monica,CA,Los Angeles,Santa Monica,"$75,221 "
90405.0,33.786594,-118.29866200000001,Santa Monica,CA,Los Angeles,"Santa Monica (Ocean Park, Santa Monica Airport, Sunpark)","$94,446 "
90501.0,33.835665000000006,-118.30380500000001,Torrance,CA,Los Angeles,Torrance,"$70,671 "
90502.0,33.833816,-118.293405,Torrance,CA,Los Angeles,"Torrance, West Carson","$69,824 "
90503.0,33.786594,-118.29866200000001,Torrance,CA,Los Angeles,Torrance,"$90,102 "
90504.0,33.786594,-118.29866200000001,Torrance,CA,Los Angeles,Torrance,"$86,563 "
90505.0,33.786594,-118.29866200000001,Torrance,CA,Los Angeles,Torrance,"$96,827 "
90601.0,34.004311,-118.0441,Whittier,CA,Los Angeles,"City of Industry, Whittier","$74,296 "
90602.0,33.971839,-118.036578,Whittier,CA,Los Angeles,Whittier,"$51,237 "
90603.0,33.947371999999994,-117.995297,Whittier,CA,Los Angeles,Whittier,"$98,181 "
90604.0,33.932663,-118.00908500000001,Whittier,CA,Los Angeles,"East La Mirada, South Whittier, Whittier","$70,877 "
90605.0,33.944312,-118.017424,Whittier,CA,Los Angeles,"South Whittier, Whittier","$75,575 "
90606.0,33.967162,-118.036999,Whittier,CA,Los Angeles,"Los Nietos, West Whittier","$70,640 "
90638.0,33.900863,-118.007297,La Mirada,CA,Los Angeles,La Mirada,"$87,429 "
90640.0,33.786594,-118.29866200000001,Montebello,CA,Los Angeles,Montebello,"$53,615 "
90650.0,33.906763,-118.076549,Norwalk,CA,Los Angeles,Norwalk,"$66,453 "
90660.0,33.985812,-118.08878700000001,Pico Rivera,CA,Los Angeles,Pico Rivera,"$65,617 "
90670.0,33.927063000000004,-118.063698,Santa Fe Springs,CA,Los Angeles,Santa Fe Springs,"$67,500 "
90701.0,33.865395,-118.073148,Artesia,CA,Los Angeles,Artesia,"$63,792 "
90703.0,33.866914,-118.068648,Cerritos,CA,Los Angeles,Cerritos,"$98,934 "
90704.0,33.786594,-118.29866200000001,Avalon,CA,Los Angeles,"Avalon, Santa Catalina Island","$69,828 "
90706.0,33.888014,-118.12965,Bellflower,CA,Los Angeles,Bellflower,"$55,729 "
90710.0,33.791267,-118.251554,Harbor City,CA,Los Angeles,Los Angeles (Harbor City),"$59,817 "
90712.0,33.845624,-118.14645,Lakewood,CA,Los Angeles,Lakewood,"$91,242 "
90713.0,33.850465,-118.109399,Lakewood,CA,Los Angeles,Lakewood,"$100,132 "
90715.0,33.840565000000005,-118.078748,Lakewood,CA,Los Angeles,Lakewood,"$72,616 "
90716.0,33.830967,-118.072796,Hawaiian Gardens,CA,Los Angeles,Hawaiian Gardens,"$45,150 "
90717.0,33.786594,-118.29866200000001,Lomita,CA,Los Angeles,Lomita,"$69,150 "
90723.0,33.899015000000006,-118.165152,Paramount,CA,Los Angeles,Paramount,"$53,031 "
90731.0,33.753088,-118.25305300000001,San Pedro,CA,Los Angeles,"Los Angeles (San Pedro, Terminal Island)","$51,161 "
90732.0,33.786594,-118.29866200000001,San Pedro,CA,Los Angeles,"Los Angeles (San Pedro), Rancho Palos Verdes","$99,519 "
90744.0,33.779416999999995,-118.253853,Wilmington,CA,Los Angeles,Los Angeles (Wilmington),"$47,776 "
90745.0,33.813317,-118.261154,Carson,CA,Los Angeles,Carson,"$76,551 "
90746.0,33.859716,-118.255204,Carson,CA,Los Angeles,Carson,"$84,523 "
90802.0,33.756024,-118.201101,Long Beach,CA,Los Angeles,Long Beach,"$53,358 "
90803.0,33.759885,-118.13016,Long Beach,CA,Los Angeles,"Long Beach (Belmont Shore, Marina, Naples)","$87,870 "
90804.0,33.785666,-118.135699,Long Beach,CA,Los Angeles,Long Beach (East Long Beach),"$49,860 "
90805.0,33.838815000000004,-118.1576,Long Beach,CA,Los Angeles,Long Beach (North Long Beach),"$49,370 "
90806.0,33.795016,-118.172801,Long Beach,CA,Los Angeles,Long Beach,"$49,962 "
90807.0,33.831466,-118.181102,Long Beach,CA,Los Angeles,Long Beach (Bixby Knolls),"$77,488 "
90808.0,33.800266,-118.106132,Long Beach,CA,Los Angeles,Long Beach,"$109,918 "
90810.0,33.819266,-118.232453,Long Beach,CA,Los Angeles,"Carson, Dominguez, Long Beach","$58,095 "
90813.0,33.780017,-118.183701,Long Beach,CA,Los Angeles,Long Beach,"$36,075 "
90814.0,33.771301,-118.14265400000001,Long Beach,CA,Los Angeles,Long Beach,"$69,867 "
90815.0,33.793516,-118.11461200000001,Long Beach,CA,Los Angeles,Long Beach,"$88,710 "
91001.0,33.786594,-118.29866200000001,Altadena,CA,Los Angeles,Altadena,"$98,289 "
91006.0,33.786594,-118.29866200000001,Arcadia,CA,Los Angeles,Arcadia,"$100,730 "
91007.0,33.786594,-118.29866200000001,Arcadia,CA,Los Angeles,Arcadia,"$80,166 "
91010.0,33.786594,-118.29866200000001,Duarte,CA,Los Angeles,"Azusa, Bradbury, Duarte, Irwindale, Monrovia","$72,381 "
91011.0,33.786594,-118.29866200000001,La Canada Flintridge,CA,Los Angeles,La Cañada Flintridge,"$161,450 "
91016.0,33.786594,-118.29866200000001,Monrovia,CA,Los Angeles,Monrovia,"$74,076 "
91020.0,33.786594,-118.29866200000001,Montrose,CA,Los Angeles,Montrose,"$73,839 "
91024.0,33.786594,-118.29866200000001,Sierra Madre,CA,Los Angeles,Sierra Madre,"$96,630 "
91030.0,33.786594,-118.29866200000001,South Pasadena,CA,Los Angeles,South Pasadena,"$96,692 "
91040.0,33.786594,-118.29866200000001,Sunland,CA,Los Angeles,"Los Angeles (Shadow Hills, Sunland)","$81,940 "
91042.0,33.786594,-118.29866200000001,Tujunga,CA,Los Angeles,Los Angeles (Tujunga),"$55,507 "
91046.0,33.786594,-118.29866200000001,Verdugo City,CA,Los Angeles,Glendale (Verdugo City),"$28,125 "
91101.0,33.786594,-118.29866200000001,Pasadena,CA,Los Angeles,Pasadena,"$65,592 "
91103.0,33.786594,-118.29866200000001,Pasadena,CA,Los Angeles,Pasadena,"$69,059 "
91104.0,33.786594,-118.29866200000001,Pasadena,CA,Los Angeles,Pasadena,"$74,011 "
91105.0,33.786594,-118.29866200000001,Pasadena,CA,Los Angeles,Pasadena,"$122,917 "
91106.0,33.786594,-118.29866200000001,Pasadena,CA,Los Angeles,Pasadena,"$80,291 "
91107.0,33.786594,-118.29866200000001,Pasadena,CA,Los Angeles,Pasadena,"$95,630 "
91108.0,33.786594,-118.29866200000001,San Marino,CA,Los Angeles,San Marino,"$158,884 "
91201.0,33.786594,-118.29866200000001,Glendale,CA,Los Angeles,Glendale,"$58,004 "
91202.0,33.786594,-118.29866200000001,Glendale,CA,Los Angeles,Glendale,"$70,841 "
91203.0,33.786594,-118.29866200000001,Glendale,CA,Los Angeles,Glendale,"$55,783 "
91204.0,33.786594,-118.29866200000001,Glendale,CA,Los Angeles,Glendale (Tropico),"$45,245 "
91205.0,33.786594,-118.29866200000001,Glendale,CA,Los Angeles,Glendale (Tropico),"$43,769 "
91206.0,33.786594,-118.29866200000001,Glendale,CA,Los Angeles,Glendale,"$62,915 "
91207.0,33.786594,-118.29866200000001,Glendale,CA,Los Angeles,Glendale,"$88,365 "
91208.0,33.786594,-118.29866200000001,Glendale,CA,Los Angeles,Glendale,"$102,950 "
91210.0,33.786594,-118.29866200000001,Glendale,CA,Los Angeles,Glendale (Glendale Galleria PO Boxes),"$159,500 "
91214.0,33.786594,-118.29866200000001,La Crescenta,CA,Los Angeles,"Glendale, La Crescenta, Montrose","$100,625 "
91301.0,33.786594,-118.29866200000001,Agoura Hills,CA,Los Angeles,"Agoura Hills, Cornell","$121,614 "
91302.0,33.786594,-118.29866200000001,Calabasas,CA,Los Angeles,"Calabasas, Hidden Hills, Monte Nido","$129,145 "
91303.0,33.786594,-118.29866200000001,Canoga Park,CA,Los Angeles,Los Angeles (Canoga Park),"$55,130 "
91304.0,33.786594,-118.29866200000001,Canoga Park,CA,Los Angeles,"Los Angeles (Canoga Park, West Hills), Box Canyon","$68,282 "
91306.0,33.786594,-118.29866200000001,Winnetka,CA,Los Angeles,Los Angeles (Winnetka),"$67,869 "
91307.0,33.786594,-118.29866200000001,West Hills,CA,Los Angeles,"Los Angeles (West Hills), Bell Canyon","$116,803 "
91311.0,33.786594,-118.29866200000001,Chatsworth,CA,Los Angeles,Los Angeles (Chatsworth),"$86,156 "
91316.0,33.786594,-118.29866200000001,Encino,CA,Los Angeles,Los Angeles (Encino),"$74,611 "
91321.0,33.786594,-118.29866200000001,Newhall,CA,Los Angeles,Santa Clarita (Newhall),"$68,831 "
91324.0,33.786594,-118.29866200000001,Northridge,CA,Los Angeles,Los Angeles (Northridge),"$75,949 "
91325.0,33.786594,-118.29866200000001,Northridge,CA,Los Angeles,Los Angeles (Northridge),"$68,642 "
91326.0,33.786594,-118.29866200000001,Northridge,CA,Los Angeles,"Los Angeles (Northridge, Porter Ranch)","$112,865 "
91331.0,33.786594,-118.29866200000001,Pacoima,CA,Los Angeles,"Los Angeles (Arleta, Hansen Hills, Pacoima)","$60,360 "
91335.0,33.786594,-118.29866200000001,Reseda,CA,Los Angeles,Los Angeles (Reseda),"$60,413 "
91340.0,33.786594,-118.29866200000001,San Fernando,CA,Los Angeles,"San Fernando, Los Angeles (Mission Hills, Pacoima)","$53,564 "
91342.0,33.786594,-118.29866200000001,Sylmar,CA,Los Angeles,"Los Angeles (Lake View Terrace, Sylmar), Kagel Canyon","$70,106 "
91343.0,33.786594,-118.29866200000001,North Hills,CA,Los Angeles,Los Angeles (North Hills),"$62,791 "
91344.0,33.786594,-118.29866200000001,Granada Hills,CA,Los Angeles,Los Angeles (Granada Hills),"$92,286 "
91345.0,33.786594,-118.29866200000001,Mission Hills,CA,Los Angeles,Los Angeles (Mission Hills),"$75,969 "
91350.0,33.786594,-118.29866200000001,Santa Clarita,CA,Los Angeles,"Bouquet Canyon, Green Valley, Mint Canyon, Santa Clarita (Canyon County)","$112,664 "
91351.0,33.786594,-118.29866200000001,Canyon Country,CA,Los Angeles,Santa Clarita (Canyon Country),"$80,397 "
91352.0,33.786594,-118.29866200000001,Sun Valley,CA,Los Angeles,"Los Angeles (La Tuna Canyon, Sun Valley)","$55,177 "
91354.0,33.786594,-118.29866200000001,Valencia,CA,Los Angeles,Santa Clarita (Valencia),"$126,753 "
91355.0,33.786594,-118.29866200000001,Valencia,CA,Los Angeles,Santa Clarita (Valencia),"$92,707 "
91356.0,33.786594,-118.29866200000001,Tarzana,CA,Los Angeles,Los Angeles (Tarzana),"$74,561 "
91364.0,33.786594,-118.29866200000001,Woodland Hills,CA,Los Angeles,Los Angeles (Woodland Hills),"$103,278 "
91367.0,33.786594,-118.29866200000001,Woodland Hills,CA,Los Angeles,Los Angeles (Woodland Hills),"$87,699 "
91381.0,33.786594,-118.29866200000001,Stevenson Ranch,CA,Los Angeles,Stevenson Ranch,"$128,310 "
91384.0,33.786594,-118.29866200000001,Castaic,CA,Los Angeles,"Castaic, Val Verde","$108,102 "
91387.0,,,Canyon Country,CA,Los Angeles,"Santa Clarita (Canyon Country), Fair Oaks Ranch, Mint Canyon","$90,433 "
91390.0,,,Santa Clarita,CA,Los Angeles,"Agua Dulce, Green Valley, Santa Clarita (Saugus)","$116,298 "
91401.0,33.786594,-118.29866200000001,Van Nuys,CA,Los Angeles,"Los Angeles (Valley Glen, Van Nuys)","$54,058 "
91402.0,33.786594,-118.29866200000001,Panorama City,CA,Los Angeles,Los Angeles (Panorama City),"$42,857 "
91403.0,33.786594,-118.29866200000001,Sherman Oaks,CA,Los Angeles,"Los Angeles (Sherman Oaks, Van Nuys)","$95,944 "
91405.0,33.786594,-118.29866200000001,Van Nuys,CA,Los Angeles,Los Angeles (Valley Glen),"$43,548 "
91406.0,33.786594,-118.29866200000001,Van Nuys,CA,Los Angeles,"Los Angeles (Lake Balboa, Van Nuys)","$55,542 "
91411.0,33.786594,-118.29866200000001,Van Nuys,CA,Los Angeles,Los Angeles (Van Nuys),"$54,555 "
91423.0,33.786594,-118.29866200000001,Sherman Oaks,CA,Los Angeles,"Los Angeles (Sherman Oaks, Van Nuys)","$83,732 "
91436.0,33.786594,-118.29866200000001,Encino,CA,Los Angeles,Los Angeles (Encino),"$149,423 "
91501.0,33.786594,-118.29866200000001,Burbank,CA,Los Angeles,Burbank,"$70,326 "
91502.0,33.786594,-118.29866200000001,Burbank,CA,Los Angeles,Burbank,"$38,147 "
91504.0,33.786594,-118.29866200000001,Burbank,CA,Los Angeles,Burbank (Glenoaks),"$75,825 "
91505.0,33.786594,-118.29866200000001,Burbank,CA,Los Angeles,Burbank,"$84,651 "
91506.0,33.786594,-118.29866200000001,Burbank,CA,Los Angeles,Burbank,"$79,148 "
91601.0,33.786594,-118.29866200000001,North Hollywood,CA,Los Angeles,"Los Angeles (North Hollywood, Toluca Terrace)","$52,607 "
91602.0,33.786594,-118.29866200000001,North Hollywood,CA,Los Angeles,"Los Angeles (North Hollywood, Studio City, Toluca Lake, West Toluca Lake)","$81,917 "
91604.0,33.786594,-118.29866200000001,Studio City,CA,Los Angeles,"Los Angeles (North Hollywood, Studio City)","$103,470 "
91605.0,33.786594,-118.29866200000001,North Hollywood,CA,Los Angeles,Los Angeles (North Hollywood),"$47,000 "
91606.0,33.786594,-118.29866200000001,North Hollywood,CA,Los Angeles,"Los Angeles (North Hollywood, Valley Glen)","$46,397 "
91607.0,33.786594,-118.29866200000001,Valley Village,CA,Los Angeles,"Los Angeles (North Hollywood, Sherman Village, Valley Glen, Valley Village)","$62,139 "
91702.0,33.786594,-118.29866200000001,Azusa,CA,Los Angeles,"Azusa, Irwindale","$62,514 "
91706.0,33.786594,-118.29866200000001,Baldwin Park,CA,Los Angeles,"Baldwin Park, Irwindale","$62,161 "
91711.0,33.786594,-118.29866200000001,Claremont,CA,Los Angeles,Claremont,"$97,593 "
91722.0,33.786594,-118.29866200000001,Covina,CA,Los Angeles,Covina,"$77,459 "
91723.0,33.786594,-118.29866200000001,Covina,CA,Los Angeles,Covina,"$64,583 "
91724.0,33.786594,-118.29866200000001,Covina,CA,Los Angeles,"Charter Oak, Covina","$83,598 "
91731.0,33.786594,-118.29866200000001,El Monte,CA,Los Angeles,El Monte,"$39,383 "
91732.0,33.786594,-118.29866200000001,El Monte,CA,Los Angeles,El Monte,"$51,899 "
91733.0,33.786594,-118.29866200000001,South El Monte,CA,Los Angeles,"El Monte, South El Monte","$45,519 "
91740.0,33.786594,-118.29866200000001,Glendora,CA,Los Angeles,Glendora,"$82,447 "
91741.0,33.786594,-118.29866200000001,Glendora,CA,Los Angeles,Glendora,"$105,874 "
91744.0,33.786594,-118.29866200000001,La Puente,CA,Los Angeles,"City of Industry, La Puente, Valinda","$66,278 "
91745.0,33.976114,-117.98163100000001,Hacienda Heights,CA,Los Angeles,Hacienda Heights,"$84,224 "
91746.0,33.786594,-118.29866200000001,La Puente,CA,Los Angeles,"Avocado Heights, Bassett, West Puente Valley","$68,254 "
91748.0,33.966218,-117.91736000000002,Rowland Heights,CA,Los Angeles,"City of Industry, Rowland Heights","$71,000 "
91750.0,33.786594,-118.29866200000001,La Verne,CA,Los Angeles,La Verne,"$86,352 "
91754.0,33.786594,-118.29866200000001,Monterey Park,CA,Los Angeles,Monterey Park,"$60,261 "
91755.0,33.786594,-118.29866200000001,Monterey Park,CA,Los Angeles,Monterey Park,"$52,624 "
91759.0,33.786594,-118.29866200000001,Mt Baldy,CA,Los Angeles,Mount Baldy (Portion in LA County),"$52,250 "
91765.0,33.786594,-118.29866200000001,Diamond Bar,CA,Los Angeles,Diamond Bar,"$97,968 "
91766.0,33.786594,-118.29866200000001,Pomona,CA,Los Angeles,Pomona (Phillips Ranch),"$55,785 "
91767.0,33.786594,-118.29866200000001,Pomona,CA,Los Angeles,Pomona,"$57,521 "
91768.0,33.786594,-118.29866200000001,Pomona,CA,Los Angeles,Pomona,"$51,149 "
91770.0,33.786594,-118.29866200000001,Rosemead,CA,Los Angeles,Rosemead,"$53,506 "
91773.0,33.786594,-118.29866200000001,San Dimas,CA,Los Angeles,San Dimas,"$84,355 "
91775.0,33.786594,-118.29866200000001,San Gabriel,CA,Los Angeles,San Gabriel,"$82,598 "
91776.0,33.786594,-118.29866200000001,San Gabriel,CA,Los Angeles,San Gabriel,"$54,131 "
91780.0,33.786594,-118.29866200000001,Temple City,CA,Los Angeles,Temple City,"$68,456 "
91789.0,33.786594,-118.29866200000001,Walnut,CA,Los Angeles,"City of Industry, Diamond Bar, Walnut","$99,398 "
91790.0,33.786594,-118.29866200000001,West Covina,CA,Los Angeles,West Covina,"$79,926 "
91791.0,33.786594,-118.29866200000001,West Covina,CA,Los Angeles,West Covina,"$80,890 "
91792.0,33.786594,-118.29866200000001,West Covina,CA,Los Angeles,West Covina,"$77,333 "
91801.0,33.786594,-118.29866200000001,Alhambra,CA,Los Angeles,Alhambra,"$55,832 "
91803.0,33.786594,-118.29866200000001,Alhambra,CA,Los Angeles,Alhambra,"$60,394 "
93510.0,33.786594,-118.29866200000001,Acton,CA,Los Angeles,Acton,"$102,563 "
93532.0,33.786594,-118.29866200000001,Lake Hughes,CA,Los Angeles,"Elizabeth Lake, Lake Hughes, Leona Valley, Sandberg, Three Points","$62,932 "
93534.0,33.786594,-118.29866200000001,Lancaster,CA,Los Angeles,Lancaster,"$39,906 "
93535.0,33.786594,-118.29866200000001,Lancaster,CA,Los Angeles,"Hi Vista, Lake Los Angeles, Lancaster, Roosevelt Corner, Wilsona Gardens","$43,929 "
93536.0,33.786594,-118.29866200000001,Lancaster,CA,Los Angeles,"Del Sur, Fairmont, Lancaster, Metler Valley, Neenach, Quartz Hill","$75,380 "
93543.0,33.786594,-118.29866200000001,Littlerock,CA,Los Angeles,"Juniper Hills, Littlerock, Sun Village","$48,542 "
93544.0,33.786594,-118.29866200000001,Llano,CA,Los Angeles,"Crystalaire, Llano","$44,156 "
93550.0,33.786594,-118.29866200000001,Palmdale,CA,Los Angeles,"Lake Los Angeles, Palmdale","$41,675 "
93551.0,33.786594,-118.29866200000001,Palmdale,CA,Los Angeles,"City Ranch, Leona Valley, Palmdale","$92,500 "
93552.0,33.786594,-118.29866200000001,Palmdale,CA,Los Angeles,Palmdale,"$63,261 "
93553.0,33.786594,-118.29866200000001,Pearblossom,CA,Los Angeles,"Juniper Hills, Pearblossom","$57,833 "
93563.0,33.786594,-118.29866200000001,Valyermo,CA,Los Angeles,"Pearblossom, Valyermo","$82,656 "
93591.0,33.786594,-118.29866200000001,Palmdale,CA,Los Angeles,"Lake Los Angeles, Palmdale","$46,258 "
